		概要			ソフトウェア	トラッキング				入力	基礎能力		レンズ		ビジュアル			オーディオ			価格\n※込み込み		参考情報		
製品名	tag	写真	タイプ	所感	プラットフォーム	ヘッドトラッキング	ハンドトラッキング	エリア	快適さ（体感）	入力	プロセッサ	内臓ストレージ	IPD	視度調節	画素密度（斜辺のピクセル数を視野角で割った値。参考に留めて下さい。）	ディスプレイ	視野角	ヘッドフォン	マイク	ヘッドフォン端子	米ドル（税込）	日本円（税込）	リンク1	リンク2	リンク3
Half-Dome Prototype（研究段階）	virtual oculus pc head6DoF bothhands6DoF	/images/headsets/Half-Dome.jpg	PC	2018年のF8で発表された Oculus の新しいプロトタイプ。これが Rift 2 になっていくんじゃねーの？（アッ） 人間の目の能力に追いつく努力の一環を見ることができる。これは、視野角と焦点距離の問題に文字通り "フォーカス" を当てたプロトタイプである。 これまでのヘッドセットはレンズとディスプレイの位置関係が固定されていたが、本機ではディスプレイが前後に移動することで自在に焦点距離を変更することができる。これは輻輳調節矛盾を解消するもので、目への負担や違和感を大きく改善できる可能性がある。もちろんこのためにアイトラッキングをちゃっかり実現している。また、新しく140度の視野角を実現する光学系を開発している。これらが Rift と同等のフォームファクタで既に動作している点が一番ヤバい。	-	-	-	-	筆者未体験	-	PC依存	-	-	-	-	Varifocal ディスプレイ	140度	ヘッドフォン備え付け	-	-	-	-	link:Mogura VR さんの記事,https://www.moguravr.com/oculus-half-dome-vr/	link:筆者の記事,https://yutokun.com/blog/2018/f8-day2/	
Varjo VR-1	virtual steam pc head6DoF bothhands6DoF	/images/headsets/Varjo%20VR-1.jpg	PC	フィンランドのスタートアップ Varjo が開発中の VR ヘッドセット。人の目レベルの圧倒的な解像度（3000 PPI。Vive Pro が 615 PPI と言うと凄まじさがわかる。）を特徴としている。片目ごとに2枚のディスプレイとアイトラッキングを併用することにより、人間の目には現実と変わらない高解像度に映る。お値段はさすがの 5,995 ドル。また、将来発売予定のアドオンを使用することで MR が可能になる。公式サイトで見ることができるリアルタイムキャプチャの映像は必見。\n独自開発の 20/20 アイトラッカーを搭載し、1度以下の精度で視線を追跡することが可能。アクティブ冷却システムやメガネ可といった細かい点もきっちり抑えている。コントローラーは付属しないが、SteamVR 互換製品を使用可能。ただし、SteamVR のコンテンツがそのまま使えるわけではない。2019年9月から国内販売開始予定。	SteamVR	6DoF（SteamVR Tracking 1.0 & 2.0）\nART Tracking System	両手6DoF（SteamVR 互換コントローラーを別途購入）	最大10m四方	筆者未体験	SteamVR 互換入力装置（別売）	PC依存	-	自動 IPD 調整	-	60px 以上	Context display + Bionic Display™	87度	-	-	-	$5,995	?	link:公式サイト,https://varjo.com/vr-1/	link:Mogura VR さんのインタビュー記事,https://www.moguravr.com/varjo-interview/	
Valve Index	virtual steam pc head6DoF bothhands6DoF 	/images/headsets/Valve%20Index.jpg	PC	Steam を運営する Valve が発表した VR ヘッドセット。パススルー用ステレオカメラや前面の拡張ポートなど開発者がワクワクする仕様を持っている。のみならず、高速・高解像度・RGB なパネルや130度と推測される視野角を持ち、IPD 調整も抑えているなど単純に遊ぶための製品としても群を抜いている。待望の5指トラッキングコントローラーである Knuckles のリリース版が付属しており、熱い視線を注がれつつある。プレオーダーが開始されたが、日本はおま国中。日本語ガイドが出ていることから、発売する気持ちはありそうなので首を長くして待っている。	SteamVR	6DoF	両手6DoF	Inside-Out のため制限なし	筆者未体験	Valve Index Controllers（旧 Knuckles）	PC依存	-	58mm - 70mm	?	?	2880 × 1600 @ 80 / 90 / 120 / 144fps	130度	ヘッドフォン備え付け	デュアルマイクアレイ内蔵	ステレオミニ	フルセット: $999\nコントローラー付き: $749\nHMD のみ: $499	?	link:公式サイト,https://store.steampowered.com/sale/valve_index/	link:MoguraVR さんの記事,https://www.moguravr.com/index-2/	link:,
Oculus Rift S	virtual oculus pc head6DoF bothhands6DoF 	/images/headsets/Rift%20S.jpg	PC	Oculus Rift のアップデート版。Half Dome の製品化まで Rift で粘るのかと思ったら S が出た。Oculus Insight や Quest と共通の Oculus Touch を備え、可動部分のない耳元スピーカを採用している。これらの変更により、Rift の弱点であった USB 帯域消費問題、ヘッドフォン断線問題、バックパックPCによる自由歩行不可問題が解決したと考えられる。ついでに眼鏡もオッケーになっているらしい。歓喜。\n開発者視点では、Quest と同等のトラッキング・コントローラーを使える点が重要に思えており、むしろ Quest を伸ばしたいがための Rift S なのかもしれない。\nLenovo と協働して装着機構が一新され、使い勝手は良くなっている。Oculus ファンとしては Lenovo ロゴがバーンと出てるのにはエエッと思わざるを得ないけど。思うでしょ？\nまた物理 IPD 調節機構が取り払われており、退職した創業者の Palmer Luckey 氏がブログにて改善案を提示するなど議論を呼んでいる部分もある。僕もどうかと思う。ソフトウェアで一応調整はできるらしい。	Oculus\nSteamVR\nViveport	6DoF（Oculus Insight）	両手6DoF	Inside-Out のため制限なし	筆者未体験	Oculus Touch	PC依存	-	63.5mm（ソフトウェアで多少は調整可）	-	25.54px	2560 × 1440 @ 80fps	115度	ステレオスピーカー内蔵	マイク内蔵	ステレオミニ	$399	¥49,800	link:公式サイト,https://www.oculus.com/rift-s/	link:Mogura VR さんの体験レポ,https://www.moguravr.com/oculus-rift-s-4/	link:,
VIVE Cosmos	virtual steam pc mobile smartphone head6DoF bothhands6DoF 	/images/headsets/VIVE%20Cosmos.jpg	PC	CES 2019 で発表された HTC の新しいヘッドセット。PC 用を標榜しているが、スマホも接続できそうなティーザーが出ている。独自の Inside-Out トラッキングシステムである VIVE トラッキングシステムを採用し、ベースステーションが不要となったほか、前2眼・左右1眼のカメラを使うことで相当に広い領域をトラッキングできると思われる。新たにコンパクトに…というか Oculus Touch みたいになった可視光追跡っぽい VIVE コントローラーを使用し、両手 6DoF のトラッキングが可能。なおイヤフォンは別売り。モジュラーカスタマイズを推しており、今後発表される追加機器で新機能を増やしていけると思われる。ワクワクするだけでなく、製品寿命を延ばす試みとしても面白い。また、PSVR のように RGB 配列のディスプレイを採用し、ペンタイル配列のオリジナル VIVE 等に比べて網目間のない表示を実現している。HTC オリジナルのホーム環境/プラットフォームと思われる、VIVE Reality System を搭載する初のヘッドセット。2019年後半に機能や価格の詳細が公表される予定。	SteamVR	6DoF（VIVE トラッキングシステム）	両手6DoF	Inside-Out のため制限なし（詳細待ち）	筆者未体験	VIVE コントローラー\n（Oculus Touch っぽい専用モデル）	PC 依存	-	調整可能（範囲不明）	?	?	?	?	オプションでデラックスオーディオストラップっぽいイヤホンを装着可能	?	?	?	?	link:公式サイト,https://www.vive.com/jp/cosmos/	link:Cosmos は Vive の後継じゃないよ記事,https://www.roadtovr.com/htc-vive-cosmos-not-successor-original-vive/	link:初出時プレスリリース,https://prtimes.jp/main/html/rd/p/000000010.000033579.html
Odin	virtual steam pc head6DoF bothhands6DoF 	/images/headsets/Odin.jpg	PC	ロシアの DEUS が開発する SteamVR 互換のヘッドセット。高精彩を実現している点も注目だが、特筆すべきは Horus と呼ばれる独自のトラッキングシステムだ。Lighthouse よりも広い範囲に光を投射することで、2つのベースステーションで200平方メートル（正方形で 14m × 14m）のトラッキングを実現し、ベースステーションを "無限に" 増やすことでトラッキング範囲を拡張できるとしている。\n2019年2月に発売予定のビジネス＆開発者向けモデルは Odin Pre と呼ばれ、3DoF のコントローラー1個が付属している。2019年夏に 6DoF 両手コントローラー付属の一般モデルを発売予定。	SteamVR	6DoF（Horus）	両手6DoF	最大200平方メートル（付属する2つのベースステーションで）	筆者未体験	付属する2つのモーションコントローラー	PC依存	-	?	?	34.63px	4320 × 2160	110度	?	?	?	Odin Pre: $1100（予定）	?	link:公式サイト,https://deusvr.ru/	link:Mogura VR さんの記事,https://www.moguravr.com/deus-odin/	link:UploadVR さんの記事,https://uploadvr.com/odin-new-steamvr-headset-russia/
VIVE Pro Eye	virtual steam pc head6DoF bothhands6DoF 	/images/headsets/VIVE%20Pro%20Eye.jpg	PC	VIVE Pro にアイトラッキングモジュールを装備した上位機種。\nNVIDIA の RTX シリーズを使用することで、フォービエイテッド・レンダリングが可能になり、より高品質なビジュアルを実現できる可能性が高まる。また、より自然な視線操作や、正確なヒートマップによるコンテンツ分析も行える可能性を持っている。\nアバター文化の側面から見ると、視線や瞬きによるコミュニケーションが可能になり、ソーシャルサービス上で強い実在感を実現できると思われる。\n2019年4～6月発売予定。	SteamVR\nViveport	6DoF（SteamVR Tracking 2.0）	両手6DoF	最大10m四方	筆者未体験	Vive Controller\nVive Tracker（別売）	PC依存	-	可変（範囲不明）	?	29.95px	2880 × 1600 @ 90fps	110度	ヘッドフォン備え付け	デュアルマイク内臓	なし（内蔵 USB Type-C 端子を使用可能）	ビジネス保証込み: €1,937	?	link:公式サイト,https://www.vive.com/jp/pro-eye/	link:視線追跡とまばたきの様子,https://www.youtube.com/watch?v=S4Pfc1O-_j8	link:初出時プレスリリース,https://prtimes.jp/main/html/rd/p/000000010.000033579.html
HTC Vive Pro	virtual steam pc head6DoF bothhands6DoF	/images/headsets/HTC%20Vive%20Pro.jpg	PC	Vive の上位機種として発表された。従来より解像度が大きく上がり、脱着機構やヘッドフォンにも見直しが入っている。前面のデュアルカメラにより、現実の物体をアウトラインで表示する新生 Chaperone が使えるらしい。新トラッキングシステム対応で、10m四方の空間を自由に歩ける。	SteamVR\nViveport	6DoF（SteamVR Tracking 2.0）	両手6DoF	最大10m四方	◎	Vive Controller\nVive Tracker（別売）	PC依存	-	可変（範囲不明）	?	29.95px	2880 × 1600 @ 90fps	110度	ヘッドフォン備え付け	デュアルマイク内臓	なし（内蔵 USB Type-C 端子を使用可能）	Upgrade Kit: $799\nStarter Kit: $1,098\nFull Kit: $1,510.92	アップグレードキット: ¥101,520\nスターターキット: ¥143,640\nフルセット: ¥175,910	link:公式サイト,https://www.vive.com/jp/product/vive-pro/		
HP Reverb	virtual steam winmr pc head6DoF bothhands6DoF 	/images/headsets/HP%20Reverb.jpg	PC	HP が突然発表した新しい WinMR ヘッドセット。ビジネス分野絶対倒すという気迫を感じる高解像度ディスプレイを備える。RGB サブピクセルを省略しない LCD であるため、数字の差以上に高画質に見えそう。正直早く見たい。解像度が上がっただけの事はあり、NVIDIA なら GTX 1080 か Quadro P5200 が推奨されている。形状が…Rift みたいです…というところはご愛嬌。\n2019年4月下旬（late-April）発売。	Windows Store\nSteamVR	6DoF	両手6DoF	Inside-Out のため制限なし	筆者未体験	ハンドコントローラー（6DoF）	PC依存	-	多分63mm（ソフトウェアで 55 - 71mm に擬似調整）	-	42.37px	4320 × 2160 @ 90fps	114度	ヘッドフォン備え付け	デュアルマイク	ステレオミニ（マイク可）	Consumer Edition: $599\nProfessional Edition: $649	¥68,580	link:公式サイト,https://www8.hp.com/us/en/workstations/mixed-reality-headset/index.html	link:Mogura VR さんの記事,https://www.moguravr.com/hp-reverb/	link:プレスリリース,https://press.ext.hp.com/us/en/press-releases/2019/hp-unveils-cutting-edge-virtual-reality-headset-at-global-partner-conference.html
HMD Odyssey+	virtual winmr steam pc head6DoF bothhands6DoF	/images/headsets/Odyssey+.jpg	PC	Samsung による Windows MR 機の改良版。ビジュアル的な数字の上では変化がないように見えるが、Anti-SDE AMOLED ディスプレイを採用したことが大きな改良点。これにより、ピクセルの黒い隙間が見えづらくなったことで、より高精細に…倍の解像度に見える、というのが Samsung の言である。言われていないが、明るさの印象も上がって見えるのではないかと思われる。\n他に、本体の軽量化と大きな眼鏡、鼻サイズへの対応が行われており、より多くの人が扱いやすく、ますます隙のないデバイスとなった。	Windows Store\nSteamVR	6DoF	両手6DoF	Inside-Out のため制限なし	筆者未体験	ハンドコントローラー（6DoF）\nXbox One Controller（別売）	PC依存	-	60 - 72mm	-	29.95px（Anti-SDE により、さらに高精細に見える？）	2880 × 1600 @ 60 / 90fps	110度	ヘッドフォン備え付け （AKG 360° Spatial Sound）	アレイマイク内臓	-	$499.99	-	link:公式サイト,https://www.samsung.com/us/computing/hmd/windows-mixed-reality/hmd-odyssey-windows-mixed-reality-headset-xe800zba-hc1us/	link:発表時のリリース文,https://www.samsungmobilepress.com/news/taking-mixed-reality-to-another-level-with-the-samsung-hmd-odyssey-plus	
HMD Odyssey	virtual winmr steam pc head6DoF bothhands6DoF	/images/headsets/Samsung%20Odyssey.jpg	PC	Samsung による Windows MR 対応ヘッドセットの本命。有機 EL による豊かな発色、破綻のない諧調表現、スイートスポットが広く見やすいレンズ、広い視野角を備え、横並びなのは値段だけ。IPD もハードウェアで調整可能。装着感も良好だが、人によってはやや重さを感じる面もあるらしい。すごい。WinMR では唯一フリプアップ機構を搭載していない。	Windows Store\nSteamVR	6DoF	両手6DoF	Inside-Out のため制限なし	◎	ハンドコントローラー（6DoF）\nXbox One Controller（別売）	PC依存	-	60 - 72mm	-	29.95px	2880 × 1600 @ 60 / 90fps	110度	ヘッドフォン備え付け （AKG 360° Spatial Sound）	アレイマイク内臓	-	$499.99	-	link:公式サイト,https://www.samsung.com/us/computing/hmd/windows-mixed-reality/xe800zaa-hc1us-xe800zaa-hc1us/		
Oculus Rift CV1（2019/4/22 販売終了）	virtual oculus steam pc head6DoF bothhands6DoF	/images/headsets/Oculus%20Rift%20CV1.jpg	PC	VR ブームを巻き起こした Oculus による最初のリリース製品。Oculus Touch によるハンドプレゼンスは他の追随を許さず、Oculus 自身によるコンテンツへの投資で、専用の高品質なタイトルが多く遊べる。社をかけたプレゼンスへの執着がすごい。	Oculus\nSteamVR\nViveport	6DoF（Constellation）	両手6DoF	最大1.5m四方（2センサー）\n最大3.1m四方（3センサー）	◎	Oculus Touch\nXbox One Controller（別売）\nOculus Remote（別売）	PC依存	-	58 - 72mm	-	22.46px	2160 × 1200 @ 90fps	110度	ヘッドフォン備え付け	マイク内蔵	-	$349	¥45,000	link:公式サイト,https://www.oculus.com/rift/		
HTC Vive	virtual steam pc head6DoF bothhands6DoF	/images/headsets/HTC%20Vive.jpg	PC	HTC による初のハイエンドヘッドセット。初期ハイエンドVR市場で Oculus に負けない代表勢力の地位を築いた。Valve の SteamVR に準拠しており、Lighthouse による広範囲の安定したトラッキングが可能。	SteamVR\nViveport	6DoF（SteamVR Tracking 1.0）	両手6DoF	最大3.5m四方 （実際頑張れば5m四方も）	◎	Vive Controller\nVive Tracker（別売）	PC依存	-	60.8 - 74.7mm	-	22.46px	2160 × 1200 @ 90fps	110度	なし 別売りの Deluxe Audio Strap あり	マイク内蔵	ステレオミニ	¥499	¥69,390	link:公式サイト,https://www.vive.com/jp/product/		
Oculus Quest（Santa Cruz）	virtual oculus mobile standalone head6DoF bothhands6DoF	/images/headsets/Oculus%20Quest.jpg	スタンドアロン	Oculus によるハイエンド・スタンドアロン。頭と両手のポジショントラッキングが可能な初のスタンドアロン・ヘッドセットとなる予定である。Oculus Insight と呼ばれるトラッキングシステムを持ち、4つのトラッキングカメラを4隅に配することで、かなり後ろの角度までハンドトラッキングが可能。また、体験者によれば Rift にも劣らない滑らかなトラッキングが最初の発表時から既に実現されていたとのこと。コンテンツの移植作業に関しては、Rift 用の Touch を使って開発が可能。主に性能面での最適化を進める形になる。OC4 での発表では、2018年に開発者版を出荷予定。OC5 での発表により、空間に存在する障害物を単純化して認識したり、複数の部屋にまたがる強化された Guardian や、複数人で同じ空間のスキャン結果を共有できる能力などが明らかになった。Oculus Go より低音の改善されたスピーカーも搭載している。399ドルで2019年春発売。	Oculus Store（Quest）	6DoF（Oculus Insight）	両手6DoF	Inside-Out のため制限なし。複数の部屋にわたって Guardian を構築できる。	◎	Oculus Touch (for Oculus Quest & Rift S)	Snapdragon 835	64GB\n128GB	58 - 72mm	-	31.90px	3200 × 1440 @ 72fps	110度（Oculus Go と同じレンズ）	ステレオスピーカー内蔵	マイク内蔵	ステレオミニ	64GB: $399\n128GB: $499	64GB: ¥49,800\n128GB: ¥62,800	link:公式サイト,https://www.oculus.com/quest/	link:Mogura VR さんの徹底レポ（OC5）,https://www.moguravr.com/oculus-quest-2/	link:Mogura VR さんの体験レビュー（OC4）,https://www.moguravr.com/santa-cruz-oc4/
PlayStation VR	virtual psvr console head6DoF bothhands6DoF	/images/headsets/PlayStation%20VR.png	コンソール	Sony Interactive Entertainment によるハイエンドヘッドセット。PlayStation 4 シリーズに接続。元は Project Morpheus と呼ばれていた。遊びのノウハウに優れたコンソールゲームメーカーによる高品質なタイトルが遊べる他、ハイエンドの中ではインストールベースが大きいことからか、注目の無料デモの配信先となることも多い。	PlayStation	6DoF	両手6DoF	横1.9m × 縦3m（カメラの錐台の範囲）	◎	PlayStation Move	PlayStation 4 / PlayStation 4 Pro	-	PlayStation Camera による キャリブレーション（範囲不明）	-	22.03px（RGBサブピクセルを1つにまとめて計算）	1920 × RGB × 1080 @ 90 / 120fps	100度	イヤホン付属	マイク内蔵	ステレオミニ	$399	¥48,578	link:公式サイト,http://www.jp.playstation.com/psvr/		
Vive Focus Plus	virtual mobile standalone head6DoF bothhands6DoF 	/images/headsets/Vive%20Focus%20Plus.jpg	スタンドアロン	エンタープライズ向けを標榜する、アップデート版 Vive Focus。超音波を使用した 6DoF コントローラーが同梱され、体験の幅が大きく広がりそう。表示の網目感を軽減する新しいレンズも新たに採用している。\nキオスクモード、視線サポート、複数のヘッドセットをリモートで一括管理できるデバイス管理ツールが提供される。	VIVE WAVE\nViveport	6DoF（World-Scale Tracking）	両手6DoF	Inside-Out のため制限なし	筆者未体験	ハンドコントローラー	Snapdragon 835	内臓ストレージ不明\n2TBまでの microSD をサポート	可変（範囲不明）	-	29.95px	2880 × 1600 @ 75fps	110度	ステレオスピーカー内臓	マイク内蔵	ステレオミニ	$799	?	link:公式サイト,https://enterprise.vive.com/jp/focus-plus/	link:Mogura VR さんの記事,https://www.moguravr.com/vive-focus-plus-announce/	link:,
Vive Focus	virtual mobile standalone head6DoF onehand3DoF onehand6DoF bothhands6DoF	/images/headsets/Vive%20Focus.jpg	スタンドアロン	HTC によるスタンドアロンのヘッドセット。VR 対応を目玉の一つとして持つ Snapdragon 835 を採用し、外部センサーなしでポジショントラッキングが行える。当初はよくある 3DoF コントローラーだったが、アップデートで 6DoF 化（!?）すると発表され各所に衝撃を与えた。さらに、HTC U12+ スマートフォンを追加のコントローラーとして使用することができる予定であり、6DoF 両手という意味では Santa Cruz に先行するヘッドセットとなりうるハイスペックマシンである。2018年10月20日、新しい機材としての両手 6DoF コントローラーの開発者版が発表された。	Vive Wave\nViveport	6DoF（World-Scale Tracking）	片手3DoF\n片手6DoF（アップデート）\n両手6DoF（HTC U12+ または対応コントローラー接続時）	Inside-Out のため制限なし	○	ハンドコントローラー（3DoF）	Snapdragon 835	内臓ストレージ不明\n2TBまでの microSD をサポート	可変（範囲不明）	-	29.95px	2880 × 1600 @ 75fps	110度	ステレオスピーカー内臓	マイク内蔵	ステレオミニ	Electric Blue: 4,299中国元\nAlmond White: 3,999中国元	法人向け：¥72,090	link:公式サイト,https://www.vive.com/cn/product/vive-focus-en/	link:国内発売を伝える PANORA さんの記事,https://panora.tokyo/78184/	link:6DoF コントローラーに関する Mogura VR さんの記事,https://www.moguravr.com/htc-6dof-controller/
Mirage Solo	virtual daydream mobile standalone head6DoF onehand3DoF	/images/headsets/Mirage%20Solo.jpg	スタンドアロン	CES 2018 で発表された Lenovo のスタンドアロン。外部センサーなしでポジショントラッキングが行える。Daydream で初のスタンドアロン。このスペックで400ドルを切るということで注目を集めている。見た目も可愛い。Oculus Go が削ったものを全部乗せた感じ。\n2019/4/1、ソフトウェア・アップデートによって、立体視の可能なパススルーモードが搭載された。	Daydream	6DoF（WorldSense）	片手3DoF	Inside-Out のため制限なし	◎	ハンドコントローラー（3DoF）	Snapdragon 835	64GB\n256GBまでの microSD をサポート	固定（数値不明）	-	26.70px	2560 × 1440 @ 75fps	110度	-	デュアルマイク	ステレオミニ	$399	¥55,296	link:公式サイト,https://www.lenovo.com/jp/ja/vr-smartdevices/augmented-reality/lenovo-mirage-solo/Mirage-Solo/p/ZZIRZRHVR01		
XTAL	virtual augmented pc head6DoF bothhands6DoF	/images/headsets/XTAL.png	PC	プラハの VRgineers による VR ヘッドセット。業務向けに振りに振って「全部載せ」を極めた印象。アイトラッキングによって IPD を調整（レンズが自動で動く）する AutoEye、革製フェイスクッション、OptiTrack、ART、SteamVR Tracking 2.0、搭載カメラを使ったインサイドアウトトラッキング、Leap Motion、内臓マイクと音声認識ソフトウェアを持ち、5K 解像度に170度の視野角、これは特許取得済みのフレネルじゃないレンズによってヘッドセットのサイズと重さも軽減しているらしい。また、Autodesk の VRED 対応も統合されており、高忠実度なレンダリングを即座に XTAL で確認できるらしい。これだけモリモリなのでお値段もモリモリだけど業務用だからOK。GPU も GeForce じゃなくて Quadro で最適化してあるとのこと。なるほどニャンね。さらに AR（MR）モードに切り替えられるモジュールも発表され、用途の幅を継続的に広げている。	不明	6DoF（AR トラッキング、OptiTrack、、SteamVR Tracking 2.0）	両手6DoF（内蔵 Leap Motion、Vive Controller、AR ベースのトラッカブルオブジェクト）	選択したトラッキングシステム準拠	筆者未体験	Leap Motion による両手のトラッキング	PC依存	-	アイトラッキングシステムによる自動調整	?	31.29px	5120 × 1440 @ fps 不明	180度	多分-	マイク内蔵	?	$5,800	?	link:公式サイト,https://vrgineers.com/xtal/		
StarVR One XT（発売中止）	virtual pc head6DoF bothhands6DoF	/images/headsets/StarVR%20One%20XT.png	PC	StarVR One と同時に発表されたヘッドセット。One とはトラッキングシステムのみが異なる。XT はアクティブトラッキングマーカーを搭載しており、様々な種類の光学トラッキングシステムで使用することができる。おそらく、OptiTrack をはじめとした著名な仕組みに対応しており、SteamVR Tracking 以上のトラッキング範囲（体育館サイズ）が欲しいとか、Vive Tracker 以上の密度や数（指とか）のトラッキングが必要な場合に対応可能、あるいはシステムを統一できる利点がある。いくつかのトラッキングシステム用のプラグインは用意もしてくれている。\n残念ながら会社が解散し、発売には至らなかった。	不明	6DoF（光学式）	両手6DoF（トラッキングシステムに手を自前で追加すれば可能）	任意の光学トラッキングシステムによるスケーラブルな追跡範囲	筆者未体験	トラッキングシステムに手を自前で追加すれば可能	PC依存	-	ソフトウェアによる自動調整	-	-	解像度非公開 @ 90fps	水平210度・垂直130度	-	多分なし	ステレオミニ（マイク対応）	未定（2018/08/16時点）	未定（2018/08/16時点）	link:公式サイト,https://www.starvr.com/products/	link:発売中止を伝えるツイートと記事,https://twitter.com/T_Otsuki/status/1080718129578143744	
StarVR One（発売中止）	virtual steam pc head6DoF bothhands6DoF	/images/headsets/StarVR%20One.png	PC	広視野角のヘッドセットを製作している台湾の StarVR が手がけるヘッドセット。SIGGRAPH 2018 にて発表された。\n従来の開発モデルと同様に210度の水平視野角を持ち、人間の視野をほぼカバーしている（人の水平視野は220度程度）。本モデルでは、Dynamic Foveated Rendering を実装し、体験者が見ている部分のみを高解像度でレンダリングすることで描画負荷を下げている。とはいえ高解像度なことに変わりはないのか、GTX 1080 が必要である。開発モデルでは視界が横長の印象が強かったのだが、垂直視野角が10度広がったことで、自然に「広さ」を体感できるようになった。僅かなぼやけは感じるものの解像感も高く、発色や応答も良い印象で、レンズ歪みも非常に少なく、これまでの VR の視野の印象を覆してくれる。\n残念ながら会社が解散し、発売には至らなかった。	SteamVR	6DoF（SteamVR Tracking 2.0）	両手6DoF（PC 向け Vive シリーズのコントローラーを使用可能）	SteamVR Tracking 2.0 準拠	○	PC 向け Vive シリーズのコントローラーを使用可能	PC依存	-	ソフトウェアによる自動調整	-	-	解像度非公開 @ 90fps	水平210度・垂直130度	-	多分なし	ステレオミニ（マイク対応）	未定（2018/08/16時点）	¥480,600	link:公式サイト,https://www.starvr.com/products/	link:MoguraVR さんの体験レポ,https://www.moguravr.com/starvr-one-report-vr/	link:発売中止を伝えるツイートと記事,https://twitter.com/T_Otsuki/status/1080718129578143744
Pimax 8K	virtual steam pc head6DoF bothhands6DoF	/images/headsets/Pimax%208K.png	PC	VR ヘッドセットのスタートアップによる8Kヘッドセット。高い画素密度と200度の広大な視野角を備え、体験者の感想は「これだよ、これ！」。見た目やサイズの割にはとても軽量で、被っていても重たい感じがしない。Knuckles 準拠コントローラーを出荷する最初のメーカになるかもしれない。製品版より少し前のバージョンを試したところ、色や遅延についてはかなりいいレベルに到達していた。周縁部のレンズゆがみが気になるが、それ以外の大きな問題は感じられない。製品版が発表され、Inside-Out や独自のトラッキングシステムといった追加要素は無くなったが、堅実なところにまとめてきた感がある。Brainwarp が謎だが、おそらく Oculus の Asynchronous Spacewarp や Valve の Motion Smoothing と似たフレーム補完テクノロジーと予想できる。	SteamVR\nOculus（多分 Revive を使えという意味）	6DoF（SteamVR Tracking）	両手6DoF	最大3.5m四方 （実際頑張れば5m四方も）	○	Knuckles 準拠コントローラー（6DoF）	PC依存	-	調整可能（範囲不明）	-	39.89px	7680 × 2160 @ 80fps（Brainwarp をサポート）	200度	-	マイク内蔵	恐らくモノラルミニ × 2	Kickstarter: $749\n単体: $899\nコントローラー付き: $1,068	?	link:公式サイト,https://pimaxvr.com/products/pimax-8k-vr-headset		
Pimax 5K Plus / BE	virtual steam pc head6DoF bothhands6DoF	/images/headsets/Pimax%205K.png	PC	画像はBE（Business Edition）。\nPimax による 5K ヘッドセット。8K と同じ 200 度の高視野角を確保しており、同クラスの超高視野角ヘッドセットとしては破滅的に安価。それでありながら、画素密度の面では Rift や Vive をやや超えるものがあり、視界が広いだけで解像度は…ということもなさそうである（光学系の兼ね合いもあるので、実際に被ってみないとわからないが）。ご家庭で買える価格で一般販売される初の200度級ヘッドセットとなるため、なかなか気になるところ。\n商業向けとして販売される BE は、ディスプレイが独自液晶の CLPL から有機 EL に変更されており、発色もろもろが優れていると考えられる。	SteamVR\nOculus（多分 Revive を使えという意味）	6DoF（SteamVR Tracking）	両手6DoF	最大3.5m四方 （実際頑張れば5m四方も）	○	Knuckles 準拠コントローラー（6DoF）	PC依存	-	調整可能（範囲不明）	-	26.59px	Plus: 5120 × 1440 @ 90fps（CLPL。Brainwarp をサポート。）\nBE: 5120 × 1440 @ 85±2fps（有機EL）	200度	-	マイク内蔵	恐らくモノラルミニ × 2	Plus 単体: $699\nPlus コントローラー付き: $868\nBE 単体: $999\nBE コントローラー付き: $1,168	?	link:公式サイト（Plus）,https://pimaxvr.com/products/pimax-5k-plus-vr-headset	link:公式サイト（BE）,https://pimaxvr.com/products/pimax-5k-be-vr-headset	
VRM-100	virtual steam pc head3DoF	/images/headsets/VRM-100.jpg	PC	ジャパンディスプレイによる高精彩 VR ヘッドセット。615 ppi の画素密度を備える JDI の初回作である。SteamVR のコンテンツを楽しむことができる。なおコントローラーは付属せず、3DoF であるため、専ら映像視聴に全振りした事業向けのモデルと考えることができる。なお Vive Pro も 615 ppi だが、文字通り値段が1桁違うため、高画質な動画を見せたい場合にはベストな選択肢となりうる。JDI は 1000 ppi を超える VR 向けディスプレイを制作しているため、今後の製品が楽しみである。	SteamVR	3DoF	-	3DoF のためエリアなし	筆者未体験	-	PC依存	-	可変（範囲不明）	-	34.63px	2880 × RGB × 1600 @ 60 / 80fps	96度（付属品の場合）	-	-	ステレオミニ	-	¥53,784	link:公式サイト,https://www.j-display.com/product/vr.html		
ConceptD OJO	virtual winmr pc head6DoF bothhands6DoF 	/images/headsets/ConceptD%20OJO.jpg	PC	Acer がオシャレで高性能なクリエイター向け製品を販売する ConceptD シリーズで発表したヘッドセット。まだほとんどの詳細は発表されていないが、前機種や、同世代の他メーカーのものと比べても最高レベルの解像度を持っている。ConceptD シリーズの他製品を見ると GTX 2080 搭載のノートブックがあったりするので、OJO もとにかく最高のものを出すスタイルで攻める事が推測できる。恐らく能力的な直接の商売敵は HP Reverb。	Windows Store	?	?	?	筆者未体験	?	-	-	可変（範囲不明）	-	?	4320 × 2160 @ ??fps	?	オープンイヤー型	?	?	?	?	link:ConceptD,https://www.acer.com/ac/en/US/content/conceptd-home	link:Road To VR さんの記事,https://www.roadtovr.com/acer-conceptd-ojo-headset-announcement/	link:,
OJO 500	virtual winmr steam pc head6DoF bothhands6DoF	/images/headsets/OJO%20500.jpg	PC	Windows MR ヘッドセットを最初に出した Acer の第2世代。ちゃんと名前も付き、見た目も良くなり、ヘッドフォンも付き、選べるストラップ、脱着可能なレンズ部分、IPD 調節ノブなどようやく本気を出してきた感のある製品。やはり前作は Done is better than perfect. が頭をよぎる様子見製品だった…まあ新作を出したということは、投資することに決めたと取れる良いニュースでもある。商業採用の場合はフロントカバーに任意のロゴを載せる事が出来たり、レンズ部分のモジュラー設計から考えても、かなり業務用途を狙って来ている感がある。あと今回は最初からコントローラーが付属している。音声を伝達するパイプ（構造？）が特許取得済みらしく、どんな感じになるのかはちょっと気になる。	Windows Store\nSteamVR	6DoF	両手6DoF	Inside-Out のため制限なし	筆者未体験	ハンドコントローラー（6DoF）\nXbox One Controller（別売）	PC依存	-	固定（本体下部のノブでソフトウェア IPD を 54 - 69 mm で調整可能）	-	32.20px	2880 x 1440 @ 90fps	100度	ステレオスピーカー内蔵	マイクアレイ内蔵	ステレオミニ	$399	?	link:発表記事,https://www.acer.com/ac/ja/JP/press/2018/427896	link:公式サイト,https://acerjapan.com/virtualmixedreality/wmr/ah501/AH501	
Fujitsu Headset	virtual winmr steam pc head6DoF bothhands6DoF	/images/headsets/Fujitsu%20Headset.jpg	PC	装着感が良い。国内メーカーだけあり、平らな顔族のことをわかっている感じ。若干青みがかっている気がする。そんなにスイートスポットも狭くないが、網目感はどうしても拭えない。装着機構が Acer Development Edition と一緒。	Windows Store\nSteamVR	6DoF	両手6DoF	Inside-Out のため制限なし	◎	ハンドコントローラー（6DoF）\nXbox One Controller（別売）	PC依存	-	固定（幅不明） （ソフトウェアで 59 - 67mm）	-	32.20px	2880 x 1440 @ 60 / 90fps	100度	-	-	ステレオミニ	-	¥57,024	link:直販サイト,http://www.fujitsu-webmart.com/pc/ui054?WEB_STYLE=FMVHDS1		
Acer Headset	virtual winmr steam pc head6DoF bothhands6DoF	/images/headsets/Acer%20Headset.jpg	PC	Windows MR 用の開発キットを真っ先に発売した Acer のヘッドセット。 開発キットを買った人はコントローラーが付属しないが、Dell が単品売りしているのを買えば実は使える。 作りはチープだが、案外軽さが良い。若干青みがかった画面に見えるが、諧調表現は悪くないように思える。	Windows Store\nSteamVR	6DoF	両手6DoF	Inside-Out のため制限なし	◎	ハンドコントローラー（6DoF）\nXbox One Controller（別売）	PC依存	-	63mm 固定 （ソフトウェアで 59 - 67mm）	-	33.89px	2880 x 1440 @ 60 / 90fps	95度	-	-	ステレオミニ	$399	¥52,596	link:公式サイト,https://www.acer.com/ns/ja/JP/smart/ah101/		
Dell Visor	virtual winmr steam pc head6DoF bothhands6DoF	/images/headsets/Dell%20Visor.jpg	PC	Windows MR で唯一の白いヘッドセット。若干暗く、上の諧調が若干飛んでいる。装着感は良好。 コントローラーのみの販売もしており、Acer の開発キットを買った筆者のような人にとってはありがたい存在。	Windows Store\nSteamVR	6DoF	両手6DoF	Inside-Out のため制限なし	◎	ハンドコントローラー（6DoF）\nXbox One Controller（別売）	PC依存	-	固定（幅不明） （ソフトウェアで 59 - 67mm）	-	29.27px	2880 x 1440 @ 60 / 90fps	110度	-	-	ステレオミニ	$499	¥63,180	link:公式サイト,https://www.dell.com/ja-jp/shop/dell-visorとコントローラ/apd/545-bbbh/ゲーム-ゲーム用アクセサリ		
HP Headset	virtual winmr steam pc head6DoF bothhands6DoF	/images/headsets/HP%20Headset.jpg	PC	世界でPCシェアトップを争う HP のヘッドセット。ロボコップ感がすごい。WinMR の中では平均的な能力。（WinMR を並べて見比べた結果ですが、正直なところ Odyssey 以外は横並びな感）	Windows Store\nSteamVR	6DoF	両手6DoF	Inside-Out のため制限なし	◎	ハンドコントローラー（6DoF）\nXbox One Controller（別売）	PC依存	-	固定（幅不明） （ソフトウェアで 59 - 67mm）	-	32.20px	2880 x 1440 @ 60 / 90fps	100度	-	-	ステレオミニ	$499	¥64,584	link:公式サイト,http://jp.ext.hp.com/accessories/personal/mixed_reality_headset/		
Lenovo Explorer	virtual winmr steam pc head6DoF bothhands6DoF	/images/headsets/Lenovo%20Explorer.png	PC	最近 VR、AR、MR ヘッドセットを全部出してるポジションを突然確立した Lenovo による WinMR ヘッドセット。 装着感が軽くて良い。	Windows Store\nSteamVR	6DoF	両手6DoF	Inside-Out のため制限なし	◎	ハンドコントローラー（6DoF）\nXbox One Controller（別売）	PC依存	-	固定（幅不明） （ソフトウェアで 59 - 67mm）	-	29.27px	2880 x 1440 @ 60 / 90fps	110度	-	-	ステレオミニ	$449.99	¥39,560	link:公式サイト,https://www.lenovo.com/jp/ja/vr-smartdevices/augmented-reality/lenovo-explorer/Lenovo-Explorer/p/G10NREAG0A2		
GFL Developer Kit	virtual steam pc mobile standalone head6DoF bothhands6DoF	/images/headsets/GFL%20DK.png	PC、スタンドアロン両用	SteamVR とスタンドアロン動作に両対応する異色のヘッドセット。どちらのモードでも、Lighthouse による 6DoF トラッキングをサポートする。まだ仕様的には不明な部分も多いが、公式写真では Vive のコントローラーっぽいものを使っているため、パーツの安定性は心配なさそうである。 声高に宣伝されている NVIDIA Jetson TX2 とは、機械学習に比重を置いた NVIDIA のシステム基盤である。GPU が強化されていることから、VR でも良いパフォーマンスが出るのかもしれない。	Android スタンドアロン\nSteamVR\nGameFace Labs の独自プラットフォーム	6DoF（Lighthouse）	両手6DoF	恐らく Vive と同等 最大3.5m四方 （実際頑張れば5m四方も）	筆者未体験	ハンドコントローラー（6DoF）	NVIDIA Jetson TX2 2 Denver 64-bit CPUs + Quad-Core A57 Complex	32GB	?	?	?	2560 × 1440	?	?	?	?	$599	?	link:公式サイト,https://devs.gamefacelabs.com/product/nvidia-tx2-devkit-android/		
Pimax 2.5K（Pimax 4K Pro）	virtual steam pc head3DoF	/images/headsets/PIMAX%202.5K.png	PC	Pimax による有機ELヘッドセット。Pimax 4K で大きな問題になっていた、諧調再現能力が低く、輝度が足りず、レスポンスが悪いため残像まみれになるという問題がすべて解決している。端の僅かな領域にレンズゆがみがあるが気づかれない程度。微妙にレンズのピントがパネルに合わないということもなくなっている。コントラストが非常に高く、はっきりした印象が得られる。実写コンテンツで「あ、ここ良いところだなあ」という感想が初めて出たヘッドセット。黒は潰れ気味だが多くの場合は問題なさそう。 エンタープライズ版の位置づけ。	PiHome\nSteamVR\nOculus（多分 Revive を使えという意味）	3DoF	なし	3DoFのためエリアなし	○	入力機能なし	PC依存	-	58 - 71mm（ソフトウェア調整）	-	40.05px	3840 × 2160 @ 多分事実上の60fps	110度	ヘッドフォン付属	-	モノラルミニ × 2	?	?	link:直販サイト（リンク切れ）,https://www.pimaxvr.com/en/product/pimax-2-5k/		
Pico Neo	virtual pico mobile standalone head6DoF onehand6DoF	/images/headsets/Pico%20Neo.png	スタンドアロン	中国のヘッドセットメーカー Pico によるスタンドアロン。外部センサーなしで頭も手も（片手ではあるが）ポジトラができるという夢のポジションを一番最初にゲットする機材。超音波を使用したポジショントラッキングを行う、VR ヘッドセットとしては珍しい機器でもある。Viveport に対応しているのでコンテンツも充実が予想される。	Vive Wave\nViveport	6DoF	片手6DoF	Inside-Out のため制限なし	△	ハンドコントローラー（6DoF）\nポジトラに超音波（ultra-sonics）を使用しているらしい。	Snapdragon 835	内臓ストレージ容量不明\n128GBまでの SD カードをサポート	?	-	32.62px	2880 × 1600 @ 90fps	101度	ステレオスピーカー内臓	?	?	消費者版: 3,999中国元\nビジネス版: 5,299中国元	-	link:公式サイト,http://jp.picovr.com/pico_neo.html		
Daydream View	virtual daydream mobile smartphone head3DoF onehand3DoF	/images/headsets/Daydream.jpg	スマホ（高）	Google による VR プラットフォーム Daydream 端末用のヘッドセット。ゴムで端末を挟むだけという簡易な作り。本命はソフトウェアである。ファブリックな素材でできており、触るとふわふわと柔らかい。カラーバリエーションがあるため、一般受けを狙っていると思われる。手触り重要。	Daydream	3DoF	片手3DoF	3DoFのためエリアなし	Pixel 2 で試した際は Gear VR と遜色ない良いトラッキングでした。	ハンドコントローラー（3DoF）	スマートフォン依存	-	?	-	スマートフォン依存	スマートフォン依存	100度	-	スマートフォンにマイクあり	大抵のスマートフォンにヘッドフォン端子あり	$99	¥12,000	link:公式サイト,https://vr.google.com/intl/ja_jp/daydream/smartphonevr/		
Oculus Go	virtual oculus mobile standalone head3DoF onehand3DoF	/images/headsets/Oculus%20Go.jpg	スタンドアロン	Oculus による スタンドアロン。若干リークはあったものの、Santa Cruz か？と思っていたら若干不意打ち気味に発表された。型落ちのハイエンドチップセット（Galaxy S7 相当）を採用し、ポジトラやカメラを削ることで非常な低価格を実現している。一般のゲームコンソールより安いという意味で、本格普及を狙える初の価格帯。コンテンツは（ハード的に足りれば） Gear VR のものをそのまま使えるため、買ってすぐ遊びまくれる。耳元に音が伝わってくる仕組みのためイヤホンも不要。 Fixed Forveated Rendering により自然な形で描画負荷を下げ、60に加えて72fpsでの描画に対応している。これは、24fpsの動画コンテンツも補正なく表示できるという意味である。また、発色も改善するらしい。	Oculus Mobile	3DoF	片手3DoF	3DoFのためエリアなし	○	ハンドコントローラー（3DoF）	Snapdragon 821	32GB, 64GB	63.5mm	別売りの度付きレンズ	26.70px	2560 × 1440 @ 60fps / 72fps	110度	ステレオスピーカー内臓	マイク内蔵	ステレオミニ	32GB: $199\n64GB: $249	32GB: ¥23,800\n64GB: ¥29,800	link:公式サイト,https://www.oculus.com/go/		
Gear VR	virtual oculus mobile smartphone head3DoF onehand3DoF	/images/headsets/Gear%20VR.jpg	スマホ（高）	Samsung と Oculus の共同開発による、ミドルレンジのヘッドセット。Samsung Galaxy シリーズをセットして使用する。VR ヘッドセットが雨後の筍のように出始める前から非常に高精度なトラッキングができた。最初の数年はスマートフォン側の処理能力が足りず、加熱で10分で止まってしまうということもザラであったが S7 や S8 が出てきて収束しつつある。スマホのオマケに付いてくる商法も取られ、ミドルレンジの中では圧倒的シェアを誇っているらしい。	Oculus Mobile	3DoF	片手3DoF	3DoFのためエリアなし	○	ハンドコントローラー（3DoF）	スマートフォン依存	スマートフォン依存	62mm固定	あり	スマートフォン依存	スマートフォン依存	101度	スマートフォンにスピーカー内蔵	スマートフォンにマイク内蔵	スマートフォンにヘッドフォン端子あり	$129.99	¥16,070	link:Oculus の公式サイト,https://www.oculus.com/gear-vr/	link:Samsung の公式サイト,https://www.galaxymobile.jp/gear-vr/	
Pico G2 4K	virtual pico standalone head6DoF onehand3DoF 	/images/headsets/Pico%20G2%204K.jpg	スタンドアロン	Pico G2 の 4K バージョン。業務向けを強くアピールしており、キオスクモード、視線による操作、衛生的なデザイン（フェイスクッションが容易に交換できる）といった点を推している。解像度が上がった分、フレームレートが 75fps に落ちているが、視野角の割にかなりの高解像度であり、スタンドアロンでは類を見ない精彩さを期待できる。	Pico Store\nViveport	3DoF	片手3DoF	3DoFのためエリアなし	筆者未体験	視線入力\nハンドコントローラー（3DoF）	Snapdragon 835	32GB\n256GBまでの microSD をサポート	?	-	43.91px	3840 × 2160 @ 75fps	101度	?	?	ステレオミニ	?	?	link:公式サイト,https://www.pico-interactive.com/g2-4k		
Pico G2	virtual pico mobile standalone head3DoF onehand3DoF	/images/headsets/Pico%20G2.jpg	スタンドアロン	Pico Goblin の後継となるヘッドセット。処理能力や視野角、ディスプレイが Pico Neo 同等に強化されており、共通の部品を使っている可能性もある。まだ（2018/8/4）情報が少なく、細かい仕様は不明。バッテリーはベルト後部に内蔵されており、本体の軽量さ（268g！）がアピールされている。重心も含めて改善されているものと考えられる。	Pico Store\nVIVEPORT	3DoF	片手3DoF	3DoFのためエリアなし	筆者未体験	ハンドコントローラー（3DoF）	Snapdragon 835	32GB\n256GBまでの microSD をサポート	?	-	32.62px	2880 × 1600 @ 90fps	101度	?	?	ステレオミニ	$299\n2,499中国元	¥53,460	link:直販サイト,https://detail.tmall.com/item.htm?spm=a220z.1000880.0.0.OJXUXr&id=573434404455&skuId=3756167281018		
Pico Goblin	virtual pico mobile standalone head3DoF onehand3DoF	/images/headsets/Pico%20Goblin.png	スタンドアロン	オレンジのプロトタイプ（処理部がコントローラー内にある）で注目を集めた、中国のヘッドセットメーカー Pico によるスタンドアロンヘッドセット。安価かつそこそこ高性能であり、コントローラーも割とちゃんと動くのでそれなりに楽しく遊べる。	Pico Digital Store	3DoF	片手3DoF	3DoFのためエリアなし	○	ハンドコントローラー（3DoF）	Snapdragon 820	16GB\n128GBまでの microSD をサポート	54 - 71mm	-	31.93px	2560 × 1440 @ 70fps	92度	モノラルスピーカー内臓	マイク内臓	ステレオミニ	$269	?	link:公式サイト,http://jp.picovr.com/pico_goblin.html		
IDEALENS K3	virtual mobile standalone head3DoF onehand3DoF	/images/headsets/IDEALENS%20K3.png	スタンドアロン	K2 の後継機。コントローラーが省かれ、耳元スピーカーが追加された。プロセッサも順当に性能アップ。でも相変わらずコスパは微妙。引き続きビジネスの方を向いてやっていくのかも。Leap Motion 内臓機種の K3-E、4Kで Exynos 8895 搭載の K3-P といったバリエーションも存在する。 耳元の革新的なスピーカーシステムで外部環境を感知することができるらしい？（衝突防止だろうか）	?	3DoF（Range Sensor という謎の表記あり）	片手3DoF（別売）	3DoFのためエリアなし（Range Sensor が何かによってはエリアを規定できる可能性があるが、情報なし）	筆者未体験	ハンドコントローラー（3DoF・別売）	Exynos 8890（Galaxy S7 くらい）	64GB\n128GBまでの microSD をサポート	デュアル物理調整&光学自己適応	-	24.48px	2560 × 1440 @ 90fps	120度	ステレオスピーカー内臓	マイク内臓	ステレオミニ	$499	?	link:公式サイト,http://www.idealens.com/en/k3summary		
IDEALENS K2+	virtual mobile standalone head3DoF onehand3DoF	/images/headsets/IDEALENS%20K2%2B.jpg	スタンドアロン	その独特な装着機構があまりに快適で一躍話題になったヘッドセット。3DoF だが、トラッキングもなかなか。Gear VR でオーバーヒートするものと同じチップセットが使われているものの、きちんと熱対策がされており1日稼働しても平気らしい。よくあるユースケース（動画再生など）用のアプリが用意されており、業務利用に強い。というか、少なくとも日本ではストアがオープンしておらず、プリインのゲーム1つと動画プレイヤー（microSDから再生可）が使えるだけなので完全に業務向けである。	VR Japanコンテンツ配信プラットフォーム（未オープン）	3DoF	片手3DoF（別売）	3DoFのためエリアなし	○	ハンドコントローラー（3DoF・別売）	Exynos 7420（Galaxy S6 くらい）	32GB\n128GBまでの microSD をサポート	60 - 64mm（ソフトウェア調整） 0.5mm 刻み	-	24.48px	2560 × 1440 @ 75fps	120度	-	-	ステレオミニ	?	¥86,400	link:公式サイト,http://www.idealens.com/en/k2plus_summary	link:国内代理店 VR Japan さん,https://www.vr-japan.co.jp/wp/product.html	
Dlodlo V1	virtual steam pc head3DoF	/images/headsets/Dlodlo%20V1.png	PC	サングラスサイズの VR 機器。もはやヘッドマウントディスプレイという呼称は似つかわしくない。OpenVR ベースであり、Steam にある VR コンテンツが原理上は動作する。わずか16mmの薄さの中にディスプレイと高視野角の光学系を詰め込んでおり、なかなか驚かされる。88g とそこそこ軽い。ポジショントラッキングやハンドコントローラーを持たないが、NOLO を追加することでこれらに対応する。 割と本体が熱を持つため、おでこや鼻が熱くなる意味では長時間駆動に向かない。あと NOLO は遅延がすごいのでなんというか実用には向かない。	SteamVR	3DoF\n6DoF（NOLO 追加時）	6DoF（NOLO 追加時使用可）	3DoFのためエリアなし NOLO 追加時はベースステーションの範囲	△	入力機能なし\nNOLO 追加時はハンドコントローラー（6DoF・別売）	PC依存	-	固定（数値不明）	あり	25.56px	2400 × 1200 @ 90fps	105度	-	-	-	$559（予定）	?	link:公式サイト,http://www.dlodlo.com/jp/v-one		
FOVE 0	virtual fove pc head6DoF	/images/headsets/FOVE%200.jpg	PC	視線追跡を特徴としている、日本のスタートアップによるヘッドセット。一時期かなり話題をさらった。ハードウェア開発よりは視線追跡の技術供与の方向にシフトしつつあるという話を風の噂で聞く。	SteamVR（予定）\nOSVR（予定）	6DoF	なし	?	○	視線追跡（1度以下の精度、120fps）	PC依存	-	?	?	29.37px	2560 × 1440 @ 70fps	100度	-	-	-	$599	ドル建てなので概算 ¥67,000	link:公式サイト,https://www.getfove.com/		
Pimax 4K	virtual steam pc head3DoF	/images/headsets/Pimax%204K.jpg	PC	VR ヘッドセットのスタートアップによる4Kヘッドセット。画素密度が高く、シンプルな構造のヘッドフォンも案外装着感や音が良い。ただ、パネル解像度は高いものの、トラッキング遅延は一昔前のスマホ並みであり、全体に暗くローが沈む、グレー1色なのにバンディングが出る、応答速度がモロに低いなど、解像度に全振りしてそれ以外はもうちょっとな感じである。レンズも微妙にピントを外しており、暗さも相まって若干眠い感じもある。とは言え、他のハイエンドと比べても圧倒的に高精細であり、スクリーンドアなんてものは存在しない。綺麗な動画をのんびり見るのに一番向いている。と思ったがよく見たらピクセルの配置による謎の縞模様が縦横に見えるため正直なところ…  有機ELモデルの PIMAX 2.5K はなかなか素晴らしい出来。（左のほうに載っています）	PiHome\nSteamVR	3DoF	なし	3DoFのためエリアなし	😱	入力機能なし	PC依存	-	58 - 71mm（ソフトウェア調整）	-	40.05px	3840 × 2160 @ 多分事実上の60fps	110度	ヘッドフォン付属	-	モノラルミニ × 2	$339	¥38,164（Amazon.co.jp 2018/1/9）	link:公式サイト（リンク切れ）,https://www.pimaxvr.com/en/4k/		
ThinkReality A6	augmented standalone 	/images/headsets/ThinkReality%20A6.png	スタンドアロン	Lenovo の法人向けブランド ThinkReality の製品として発表された AR ヘッドセット。ハンズフリーで操作でき、Snapdragon 845 搭載などモダンな仕様を備える。妥当 HoloLens の気概を感じるが、まだプレスリリースに書かれている以上の情報はなく、具体的な操作方法や価格、開発方法など詳細の公開が待たれる。	?	?	?	?	筆者未体験	?	Snapdragon 845	?	?	?	?	片目ごとに 1080p	40度	?	?	?	?	?	link:発表のプレスリリース,https://news.lenovo.com/pressroom/press-releases/lenovo-unveils-new-intelligent-devices-solutions-enterprise/	link:,	link:,
HoloLens 2	augmented winmr standalone head6DoF bothhands6DoF 	/images/headsets/HoloLens%202.jpg	スタンドアロン	視野角と画素密度が2倍以上になり、アイトラッキングや両手10本の指を認識できるハンドトラッキングを備えた超進化 HoloLens。虹彩認証によってログインすることすらできる。また、装着機構が一新されて快適性が向上し、本体のルックスも優しくなってきた。手ぶらで両手操作ができる価値は計り知れず、産業分野で強力な地位を築くものと思われる。月額125ドルで使用できるプランの存在も見逃せない部分である。	Windows Store	6DoF	両手6DoF	Inside-Out のため制限なし	筆者未体験	両手10本の指と手の位置を認識するジェスチャ\nアイトラッキング\n音声操作	・Snapdragon 850\n・Holographic Processing Unit（第2世代）	?	3次元眼球位置による自動最適化	-	47 px	MEMS ディスプレイ	HoloLens の2倍	ビルトイン空間オーディオ	5チャンネルマイクアレイ	?	買い切り: $3,500\nサブスク月額1人あたり: $125	?	link:公式サイト,https://www.microsoft.com/ja-jp/hololens/hardware	link:Mogura VR さんの記事,https://www.moguravr.com/hololens2-announce/	link:,
Magic Leap One	augmented standalone head6DoF onehand6DoF	/images/headsets/Magic%20Leap%20One.jpg	スタンドアロン	イカしたビデオをたまに出すだけの謎の会社だった Magic Leap から発表された初の製品。サイトがカッコいい、打倒 HoloLens っぽい。処理部を腰に引っ掛ける。分離することでヘッドセットを軽量化しているのだろうという感じ。 アイトラッキングや6DoFコントローラー、そこそこ高速な空間マッピングなど、期待の高まる状態である。デモ映像では、イイ感じの遮蔽も実現している。コントローラーについては、物理コントローラー以外にスマホアプリを使うことも可能である。	Magic Leap World	6DoF	片手6DoF	Inside-Out のため制限なし	筆者未体験	ハンドコントローラー（6DoF）\n視線追跡	Tegra X2	128GB（実使用可能なのは95GB）	?	-	?	Digital Lightfield 注視している箇所のみピントが合う。現実世界と同様の焦点感。	?	Soundfield Audio 3Dオーディオ対応スピーカー	4つのマイク内臓（ボイス用と環境音用）	ステレオミニ	$2,295	?	link:公式サイト,https://www.magicleap.com/		
HoloLens	augmented standalone winmr head6DoF	/images/headsets/HoloLens.jpg	スタンドアロン	Microsoft による MR ヘッドセット。現実世界に視差ありのバーチャル・オブジェクトを重畳できる。非常に優れたトラッキング技術を有しており、バーチャルオブジェクトが現実にほぼ完全に追従する。たまにロスが起きるらしいが持っていないのもあってか今だによくわからない。日本人 HoloLens 好きすぎ問題の HoloLens。	Windows Store	6DoF	AirTap の位置を取得	Inside-Out のため制限なし	○	Gaze\nAirTap\nBloom\nVoice	・Intel 32 bit CPU\n・Holographic Processing Unit 1.0	64GB	自動瞳孔距離補正	-	23 px	透過型ホログラフィック・レンズを用いた表示系	?	6つのスピーカー内臓	4つのマイク内臓	ステレオミニ	$3,000	¥333,800	link:公式サイト,https://www.microsoft.com/ja-jp/hololens		
Meta 2	augmented pc head6DoF	/images/headsets/Meta%202.jpg	PC接続	HoloLens と双璧を成す Meta の AR ヘッドセット2世代目。視野角が HoloLens の倍であることや、ハンドジェスチャーの多様さを売りにしており、業務系での実用的なヘッドセットであるとアピールしている。PC に接続して使用するタイプで、モバイルプロセッサの制約を受けない点も差別化ポイント。トラッキングの精度は HoloLens に及ばないらしい。 日本では @WheetTweet さんが Meta にどっぷりハマっており、ブログに実機の動作するキャプチャも含めた多くの情報がまとめられている（最下部の参考情報参照）	ストアなどは今のところ無い	6DoF	あり	Inside-Out のため制限なし（ケーブルの範囲）	筆者未体験	手によるインタラクション。掴む、触る、推したり引いたりができる	PC依存	-	?	-	20px?	"an off-axis optical engine to form images using a single-element half-silver mirror"	90度	4ユニット構成のサラウンドスピーカー	3つのマイク	?	$1,495	¥254,800	link:公式サイト,https://buy.metavision.com/#specifications	link:@WheetTweet さんのブログ,http://www.crossroad-tech.com/archive/category/Meta	
AceReal One	augmented standalone head3DoF	/images/headsets/AceReal%20One.png	スタンドアロン	日本のサン電子が発表した業務向け AR ヘッドセット。国内から両眼視差の AR ヘッドセットが出るのは初めてなのでは？\n「フィールド作業の現場で使用できるスマートグラス」をコンセプトとしている通り、ヘルメットと同時に使用できたり、IP54 の防塵・防滴性を持っていたり、書類の表示向けにディスプレイが縦長になっていたりと、よく考えられている印象。ヘッドトラックか音声入力により手を使わず操作できることを推している一方、タッチパッドや物理ボタンも搭載しており、柔軟に対応できそうな製品である。	Android ベース（専用のSDKが必要）	3DoF	なし	3DoFのためエリアなし	筆者未体験	音声コマンド、ヘッドトラッキング入力、タッチパネル、物理ボタン	Snapdragon 820	64GB	?	-	58.56px	720 × 900	29度	スピーカー内臓	マイク内蔵	ステレオミニ	-	¥599,400	link:公式サイト,https://acereal.jp/acereal_one/		
Project North Star	augmented pc head3DoF	/images/headsets/Project%20North%20Star.jpg	PC接続	ハンドトラッキングセンサーを開発してきた Leap Motion が突如発表した AR ヘッドセットのオープン実装。ハード、ソフトのソース（設計書）が公開され、これをベースとした AR システムを誰でも作れる。Leap Motion 自身が作成したサンプル実機動画（最下部の参考情報を参照）では、完全に滑らかな仮想オブジェクトへのインタラクションや遮蔽表現を見て取ることができる。量産ベースで100ドル以下と言われるハードウェアの安さ（製造コストかな？）も魅力。	ストアなどは今のところ無い	たぶん元の設計には無い	あり	手は部分的に180度	筆者未体験	Leap Motion 準拠の高精度ハンドトラッキングによる入力	PC依存	-	?	-	-	片目当たり1600 × 1440 @ 120fps	水平100度以上	たぶん元の設計には無い	たぶん元の設計には無い	たぶん元の設計には無い	量産ベースで100ドル以下（製造コスト？）	?	link:Engadget さんの記事,https://japanese.engadget.com/2018/04/10/leap-motion-ar-project-north-star/	link:Leap Motion Blog,http://blog.leapmotion.com/northstar/	
MIX	augmented pc steam head6DoF	/images/headsets/ANTVR%20MIX.jpg	PC接続	VR デバイス企業 ANTVR による AR ヘッドセット。従来より小さな機械で大きな視野を得られるのが大きな強み。 本体自身ではポジショントラッキングの仕組みを持たないが、NOLO や Vive Tracker を用いることで実現する。基本的には PC 接続の AR ヘッドセットだが、SteamVR のコンテンツに対応しており、多くがそのまま動作する / わずかな調整で AR コンテンツとして遊べる点をアピールしている。HoloLens などと同じく暗色が透過するので、背景を黒に変更するといった変更が想定されている。また、アイトラッキングの機材と組み合わせることも可能とされており、柔軟な拡張性を持ちながらも「視野の広い AR 空間提示装置」部分に特化した機材と言える。	SteamVR	追加機器（NOLO など）により対応	追加機器（NOLO など）により対応	使用するトラッキング機器に依存	筆者未体験	使用する追加危機に依存（6DoF コントローラーも使用可能）	PC依存	-	ソフトウェアで調整可	-	?	Dual-Channel Mixed Optics	96度	おそらく無し	内蔵	ステレオミニ	3DoF コントローラー付きの最安セットの価格\nKickstarter 期間：$499\n発売後：$649（予定）	?	link:公式サイト,https://mix.antvr.com/		
Mira Prism	augmented mobile smartphone head3DoF onehand3DoF	/images/headsets/Mira%20Prism.jpg	スマホ	スマートフォン専用の AR ヘッドセット。専用の SDK で iOS 用に AR アプリを作ることができる。ただ見られるというだけではなく、SDK の機能性によって差別化を図っている。P2P通信、通信相手へのファイル送信、AR を様子を第三者視点で確認できる Spectator Mode、マーカー認識による疑似的な 6DoF が可能であり、本体は小さいうえに見た目も良く、（未来の製品版は）99ドルというお手軽価格。ローコストで両眼視 AR 体験を作り出せる有望株である。	iOS（Unity 用 SDK を使用）	3DoF	片手3DoF	3DoFのためエリアなし	筆者未体験	ハンドコントローラー（3DoF）	スマートフォン依存	スマートフォン依存	アプリ側で調整可	-	スマートフォン依存	スマートフォン依存	60度	スマートフォンにスピーカー内蔵	スマートフォンにマイク内蔵	スマートフォンによってはヘッドフォン端子あり	量産モデル：$99（予定）\n開発キット：$250	?	link:公式サイト,https://www.mirareality.com/		
DreamGlass	augmented pc smartphone head3DoF	/images/headsets/DreamGlass.png	スマホ、PC両接続	安価でクロスプラットフォームな AR ヘッドセット。PC または Android スマートフォンに接続して、搭載したディスプレイに表示を行う。iOS 対応は開発中とのこと。頭のポジトラはないが、（恐らく外部オブジェクトの？）マーカーベースのポジショントラッキングを開発中らしいので、それが載ればそこそこ面白いことになりそう。赤外線ベースのハンドジェスチャー認識が搭載されており、HoloLens 的な操作が可能と考えられる。	Android ベース（Unity ベースの SDK を使用）	3DoF	ハンドジェスチャー認識	ポジショントラッキングなし	筆者未体験	ハンドジェスチャー認識	PC、スマホ依存	-	?	-	?	2.5K / 60fps	90度	-	内蔵	ステレオミニ	$399	?	link:公式サイト,https://www.dreamworldvision.com/		
R-9	augmented standalone head6DoF	/images/headsets/R-9.jpg	スタンドアロン	スマートグラスメーカー ODG のアイウェア。フットプリントの小ささは特筆もので、遠目にはグラサン。R-8と異なり、これはエンタープライズ向け製品。Android ベースで、ツルの部分に仕込まれたタッチパッドで操作する。4K60fps または 1080p120fps で撮影可能なカメラを搭載している。併せてデプスセンサも持っており、一応ポジトラできる。スマートグラスなのに THX 認証取得。Google Glass がステレオになって実用的になって帰ってきたみたいな感覚。 メーカーの言葉を借りれば、最適な用途は "ideal for light enterprise and prosumer media consumption use" とのこと。	Android ベース（専用のSDKが必要）	6DoF	なし	Inside-Out のため制限なし	😱	ツルの部分のトラックパッド	Snapdragon 835	128GB	?	-	?	デュアル 1080p / 最大 60 fps	50度	ステレオスピーカー内蔵	デュアルマイク内蔵	-	$1,800	?	link:公式サイト,https://www.osterhoutgroup.com/r-9-smartglasses	link:公式の製品比較表,https://www.osterhoutgroup.com/products-compare	
R-8	augmented standalone head6DoF	/images/headsets/R-8.jpg	スタンドアロン	スマートグラスメーカー ODG のアイウェア。こちらは家庭用。Android ベースで、ツルの部分に仕込まれたタッチパッドとスクロールホイールで操作する。1080pで撮影可能なカメラを2基搭載している。併せてデプスセンサも持っており、一応ポジトラできる。Google Glass がステレオになって実用的になって帰ってきたみたいな感覚。 公式の資料では、AR, VR, MR で使って欲しい的なことが書いてある。 下の SKU だけれども、解像度が下がった分ちゃんと90fpsまで出るようにしている所は好感。	Android ベース（専用のSDKが必要）	6DoF	なし	Inside-Out のため制限なし	😱	・ツルの部分のタッチパッド（ボタン）\n・スクロールホイール	Snapdragon 835	64GB	?	-	?	デュアル 720p / 最大 90 fps	40度	ステレオスピーカー内蔵	デュアルマイク内蔵	-	$1,000	?	link:公式サイト,https://www.osterhoutgroup.com/r-8-smartglasses	link:公式の製品比較表,https://www.osterhoutgroup.com/products-compare	
RETISSA Display	smartglass	/images/headsets/RETISSA%20Display.jpg	HDMI 入力	富士通をスピンアウトした QD レーザによる網膜投影ディスプレイ。手を出しやすい価格ではないが、一般販売されるとは驚き。HDMI ミニ入力を受け付ける。網膜さえ正常なら、視力が低くてもくっきりした画を見ることができる。片目用の製品だが、2台買って合体すれば両目で見られるようになるとのこと。	-	-	-	-	-	-	-	-	-	-	39.56px	1024×600 @ 60fps	水平26度	-	-	-	-	¥645,840	link:販売サイト,http://ascii-store.jp/p/4589893930169/	link:解像度の情報源,https://twitter.com/sandinist/status/1056091778099499008?s=20	link:PR TIMES,https://prtimes.jp/main/html/rd/p/000004846.000007006.html
Telepathy Walker	smartglass standalone head3DoF	/images/headsets/Telepathy%20Walker.jpg	スタンドアロン	テレパシージャパン社によるアイウェア。コンパクトかつ軽量（57g）な点もスマートグラスらしいところだが、その非常に高い輝度が際立つ特徴となっている。試用の機会をいただいた際には明るい室内そのものよりも鮮明に…むしろ強烈に明るく見えたほどで、屋外でも使用できるという触れ込みは伊達ではない。GPS や Wi-Fi、5メガピクセルカメラ、Bluetooth を搭載しており、業務用途での記録やナビゲーション等に向いていそうである。	Android（恐らく専用の SDK が必要）	3DoF	なし	3DoFのためエリアなし	○	・ファンクションボタン\n・タッチパッド\n・音声	?	8GB	-	-	-	960 × 540 @ 3000カンデラ	-	スピーカー内蔵	内蔵	?	ビジネスエディション：$1,395 + 送料	ビジネスエディション：¥162,000	link:公式サイト,https://www.telepathywalker.com/		
Focals	smartglass smartphone	/images/headsets/Focals.jpg	スマホ接続	カナダの North によるスマートグラス。Intel Vaunt を彷彿とさせる。公式サイトからしてイカしたファッションアイテムにしか見えず、これが宣伝通りに動作するなら割と欲しい。片目の網膜投影で、スマートフォンと接続し、通知を受け取ったり、文字・絵文字を音声で入力できる。ターン・バイ・ターンナビや UBER の呼び出し、Alexa 内臓など、普通のメガネにしか見えないのにできる事がかなり多い。スマートウォッチがおしゃれメガネになった感じだろうか。かつて Google Glass が目指したものってこんな感じかもなあと思わせる。さらに Loop と呼ばれる指輪型コントローラーを持ち、手を持ち上げなくても操作が可能。\n公式サイトを見ると、メガネとしてルックスのバリエーションが多くあり、自分に合うスタイルも探せるようだ。	スマートフォンアプリ？	-	-	-	-	Loop（指輪型コントローラー。4方向 + クリック）	?	-	-	-	?	?	?	?	?	?	$999	?	link:公式サイト,https://www.bynorth.com/focals	link:Engadget さんの記事,https://japanese.engadget.com/2018/10/24/focals-alexa/	link:Mogura VR さんの記事,https://www.moguravr.com/smartglasses-focals/
Vaunt（開発中止）	smartglass smartphone	/images/headsets/Vaunt.jpg	スマホ接続	PC市場を席巻している半導体メーカー（謎の半導体メーカーではない）Intel の野心的プロジェクト。通常の眼鏡の範疇に収まるフォームファクタが衝撃的で、THE VERGE のプロトタイプレビュー記事で初めて世に発表された。赤単色だが、右目に情報を投影できる。スマートフォンと接続して使用する、スマートウォッチのような運用になるようだ。2018年末に早期アクセスプログラムを開始予定。→残念ながら開発中止となりました。	スマートフォンアプリ？	加速度センサーとコンパス内蔵	-	-	筆者未体験	頭を振るといった基本的なヘッドジェスチャ	?	-	?	?	?	VCSEL	?	-	-	-	?	?	link:THE VERGE のレビュー記事,https://www.theverge.com/2018/2/5/16966530/intel-vaunt-smart-glasses-announced-ar-video	link:開発終了を伝える記事,https://www.moguravr.com/intel-vaunt-shut-down/	
